<?xml version="1.0" encoding="UTF-8" standalone="yes"?>
<addon id="repository.vijai" name="vijai-repository" version="1.0" provider-name="vijai">
    <extension point="xbmc.addon.repository" name="vijai-repository">
        <dir>
            <info compressed="false">https://raw.githubusercontent.com/vijaikodi/repository.vijai/master/zips/addons.xml</info>
            <checksum>https://raw.githubusercontent.com/vijaikodi/repository.vijai/master/zips/addons.xml.md5</checksum>
            <datadir zip="true">https://raw.githubusercontent.com/vijaikodi/repository.vijai/master/zips/</datadir>
        </dir>
    </extension>
    <extension point="xbmc.addon.metadata">
        <summary>vijai-repository</summary>
        <description>watch tamil movies</description>
        <disclaimer></disclaimer>
        <platform>all</platform>
        <assets>
            <icon>icon.png</icon>
            <fanart>fanart.jpg</fanart>
        </assets>
    </extension>
</addon>