<?xml version="1.0" encoding="UTF-8"?>
<addon id="plugin.video.vijai"
version="3.0.59"
name="vijai"
provider-name="vijai">
<requires>
  <import addon="xbmc.python" version="3.0.0"/>
  <import addon="script.module.routing" version="0.2.0"/>
  <import addon="script.module.resolveurl" version="5.1.10"/>
  <import addon="script.module.requests" version="2.22.0"/>
  <import addon="script.module.six" />
  <import addon="script.module.web-pdb" version="1.5.6"/>
</requires>
<extension point="xbmc.python.pluginsource" library="main.py">
  <provides>video</provides>
</extension>
<extension point="xbmc.addon.metadata">
  <summary lang="en">Video Plugin</summary>
  <description lang="en_GB">video plugin for Kodi mediacenter.</description>
  <disclaimer lang="en_GB">The plugin only provides movies or series thats available in the internet.</disclaimer>
  <assets>
    <icon>icon.png</icon>
  </assets>
  <news>
    v3.0.58 (13/01/2024)
      - fixed movierulz
    v3.0.58 (02/12/2023)
      - fixed tamilYOGI
      - Added vidplay resolver
    v3.0.55 (29/7/2023)
      - fixed tamilgun
      - Updated Arivakam resolve url
      - Updated playallu resolve url
    v3.0.54 (29/7/2023)
      - fixed tamilyogi
      - fixed movierulz
      - added web-pdb debugging 
    v3.0.52 (24-12-2022)
      - fixed list stream url
      - added few more links to Hindilinks4u
    v3.0.52 (24-12-2022)
      - fixed list stream url
      - added few more links to Hindilinks4u
    v3.0.51 (26-11-2022)
      - Main Heading list has been modified
      - Added Hindilinks4u
    v3.0.49 (09-10-2022)
      - Updated Arivakam resolve url
    v3.0.41 (2022-01-08)
      - Updated Arivagam resolve url</news>
</extension>
</addon>
